
    [
    {
      "id": 1396,
      "program_lid": 2,
      "program_name": "BACHELOR OF BUSINESS ADMINISTRATION-7402",
      "acad_session_lid": 18,
      "acad_session": "Semester III",
      "course_lid": 72,
      "module_name": "Banking and Insurance",
      "division": "A",
      "batch": 1,
      "event_type": "TH",
      "batch_lid": 422,
      "room_lid": 1,
      "slot_start_lid": 91,
      "slot_end_lid": 102
    },
    {
      "id": 1400,
      "program_lid": 2,
      "program_name": "BACHELOR OF BUSINESS ADMINISTRATION-7402",
      "acad_session_lid": 18,
      "acad_session": "Semester III",
      "course_lid": 76,
      "module_name": "Operations Research",
      "division": "B",
      "batch": 1,
      "event_type": "TH",
      "batch_lid": 471,
      "room_lid": 2,
      "slot_start_lid": 91,
      "slot_end_lid": 102
    },
    {
      "id": 1404,
      "program_lid": 2,
      "program_name": "BACHELOR OF BUSINESS ADMINISTRATION-7402",
      "acad_session_lid": 18,
      "acad_session": "Semester III",
      "course_lid": 74,
      "module_name": "Financial Statement Analysis",
      "division": "C",
      "batch": 1,
      "event_type": "TH",
      "batch_lid": 448,
      "room_lid": 3,
      "slot_start_lid": 91,
      "slot_end_lid": 102
    },
    {
      "id": 1408,
      "program_lid": 2,
      "program_name": "BACHELOR OF BUSINESS ADMINISTRATION-7402",
      "acad_session_lid": 18,
      "acad_session": "Semester III",
      "course_lid": 76,
      "module_name": "Operations Research",
      "division": "D",
      "batch": 1,
      "event_type": "TH",
      "batch_lid": 473,
      "room_lid": 4,
      "slot_start_lid": 91,
      "slot_end_lid": 102
    },
    {
      "id": 1412,
      "program_lid": 2,
      "program_name": "BACHELOR OF BUSINESS ADMINISTRATION-7402",
      "acad_session_lid": 18,
      "acad_session": "Semester III",
      "course_lid": 71,
      "module_name": "Indian Economy in Global Scenario",
      "division": "E",
      "batch": 1,
      "event_type": "TH",
      "batch_lid": 415,
      "room_lid": 5,
      "slot_start_lid": 91,
      "slot_end_lid": 102
    },
    {
      "id": 1416,
      "program_lid": 2,
      "program_name": "BACHELOR OF BUSINESS ADMINISTRATION-7402",
      "acad_session_lid": 18,
      "acad_session": "Semester III",
      "course_lid": 71,
      "module_name": "Indian Economy in Global Scenario",
      "division": "F",
      "batch": 1,
      "event_type": "TH",
      "batch_lid": 416,
      "room_lid": 6,
      "slot_start_lid": 91,
      "slot_end_lid": 102
    },
    {
      "id": 1420,
      "program_lid": 2,
      "program_name": "BACHELOR OF BUSINESS ADMINISTRATION-7402",
      "acad_session_lid": 18,
      "acad_session": "Semester III",
      "course_lid": 73,
      "module_name": "Direct and Indirect Tax",
      "division": "G",
      "batch": 1,
      "event_type": "TH",
      "batch_lid": 440,
      "room_lid": 7,
      "slot_start_lid": 91,
      "slot_end_lid": 102
    },
    {
      "id": 1424,
      "program_lid": 2,
      "program_name": "BACHELOR OF BUSINESS ADMINISTRATION-7402",
      "acad_session_lid": 18,
      "acad_session": "Semester III",
      "course_lid": 75,
      "module_name": "Retail Management",
      "division": "H",
      "batch": 1,
      "event_type": "TH",
      "batch_lid": 465,
      "room_lid": 8,
      "slot_start_lid": 91,
      "slot_end_lid": 102
    },
    {
      "id": 1428,
      "program_lid": 2,
      "program_name": "BACHELOR OF BUSINESS ADMINISTRATION-7402",
      "acad_session_lid": 18,
      "acad_session": "Semester III",
      "course_lid": 72,
      "module_name": "Banking and Insurance",
      "division": "I",
      "batch": 1,
      "event_type": "TH",
      "batch_lid": 430,
      "room_lid": 9,
      "slot_start_lid": 91,
      "slot_end_lid": 102
    },
    {
      "id": 1432,
      "program_lid": 2,
      "program_name": "BACHELOR OF BUSINESS ADMINISTRATION-7402",
      "acad_session_lid": 18,
      "acad_session": "Semester III",
      "course_lid": 71,
      "module_name": "Indian Economy in Global Scenario",
      "division": "J",
      "batch": 1,
      "event_type": "TH",
      "batch_lid": 419,
      "room_lid": 10,
      "slot_start_lid": 91,
      "slot_end_lid": 102
    },
    {
      "id": 1436,
      "program_lid": 2,
      "program_name": "BACHELOR OF BUSINESS ADMINISTRATION-7402",
      "acad_session_lid": 18,
      "acad_session": "Semester III",
      "course_lid": 72,
      "module_name": "Banking and Insurance",
      "division": "K",
      "batch": 1,
      "event_type": "TH",
      "batch_lid": 432,
      "room_lid": 11,
      "slot_start_lid": 91,
      "slot_end_lid": 102
    },
    {
      "id": 1440,
      "program_lid": 2,
      "program_name": "BACHELOR OF BUSINESS ADMINISTRATION-7402",
      "acad_session_lid": 18,
      "acad_session": "Semester III",
      "course_lid": 75,
      "module_name": "Retail Management",
      "division": "L",
      "batch": 1,
      "event_type": "TH",
      "batch_lid": 469,
      "room_lid": 12,
      "slot_start_lid": 91,
      "slot_end_lid": 102
    },
    {
      "id": 1397,
      "program_lid": 2,
      "program_name": "BACHELOR OF BUSINESS ADMINISTRATION-7402",
      "acad_session_lid": 18,
      "acad_session": "Semester III",
      "course_lid": 71,
      "module_name": "Indian Economy in Global Scenario",
      "division": "A",
      "batch": 1,
      "event_type": "TH",
      "batch_lid": 411,
      "room_lid": 1,
      "slot_start_lid": 104,
      "slot_end_lid": 115
    },
    {
      "id": 1401,
      "program_lid": 2,
      "program_name": "BACHELOR OF BUSINESS ADMINISTRATION-7402",
      "acad_session_lid": 18,
      "acad_session": "Semester III",
      "course_lid": 72,
      "module_name": "Banking and Insurance",
      "division": "B",
      "batch": 1,
      "event_type": "TH",
      "batch_lid": 423,
      "room_lid": 2,
      "slot_start_lid": 104,
      "slot_end_lid": 115
    },
    {
      "id": 1405,
      "program_lid": 2,
      "program_name": "BACHELOR OF BUSINESS ADMINISTRATION-7402",
      "acad_session_lid": 18,
      "acad_session": "Semester III",
      "course_lid": 72,
      "module_name": "Banking and Insurance",
      "division": "C",
      "batch": 1,
      "event_type": "TH",
      "batch_lid": 424,
      "room_lid": 3,
      "slot_start_lid": 104,
      "slot_end_lid": 115
    },
    {
      "id": 1409,
      "program_lid": 2,
      "program_name": "BACHELOR OF BUSINESS ADMINISTRATION-7402",
      "acad_session_lid": 18,
      "acad_session": "Semester III",
      "course_lid": 74,
      "module_name": "Financial Statement Analysis",
      "division": "D",
      "batch": 1,
      "event_type": "TH",
      "batch_lid": 449,
      "room_lid": 4,
      "slot_start_lid": 104,
      "slot_end_lid": 115
    },
    {
      "id": 1413,
      "program_lid": 2,
      "program_name": "BACHELOR OF BUSINESS ADMINISTRATION-7402",
      "acad_session_lid": 18,
      "acad_session": "Semester III",
      "course_lid": 75,
      "module_name": "Retail Management",
      "division": "E",
      "batch": 1,
      "event_type": "TH",
      "batch_lid": 462,
      "room_lid": 5,
      "slot_start_lid": 104,
      "slot_end_lid": 115
    },
    {
      "id": 1417,
      "program_lid": 2,
      "program_name": "BACHELOR OF BUSINESS ADMINISTRATION-7402",
      "acad_session_lid": 18,
      "acad_session": "Semester III",
      "course_lid": 73,
      "module_name": "Direct and Indirect Tax",
      "division": "F",
      "batch": 1,
      "event_type": "TH",
      "batch_lid": 439,
      "room_lid": 6,
      "slot_start_lid": 104,
      "slot_end_lid": 115
    },
    {
      "id": 1421,
      "program_lid": 2,
      "program_name": "BACHELOR OF BUSINESS ADMINISTRATION-7402",
      "acad_session_lid": 18,
      "acad_session": "Semester III",
      "course_lid": 71,
      "module_name": "Indian Economy in Global Scenario",
      "division": "G",
      "batch": 1,
      "event_type": "TH",
      "batch_lid": 569,
      "room_lid": 7,
      "slot_start_lid": 104,
      "slot_end_lid": 115
    },
    {
      "id": 1425,
      "program_lid": 2,
      "program_name": "BACHELOR OF BUSINESS ADMINISTRATION-7402",
      "acad_session_lid": 18,
      "acad_session": "Semester III",
      "course_lid": 73,
      "module_name": "Direct and Indirect Tax",
      "division": "H",
      "batch": 1,
      "event_type": "TH",
      "batch_lid": 441,
      "room_lid": 8,
      "slot_start_lid": 104,
      "slot_end_lid": 115
    },
    {
      "id": 1429,
      "program_lid": 2,
      "program_name": "BACHELOR OF BUSINESS ADMINISTRATION-7402",
      "acad_session_lid": 18,
      "acad_session": "Semester III",
      "course_lid": 75,
      "module_name": "Retail Management",
      "division": "I",
      "batch": 1,
      "event_type": "TH",
      "batch_lid": 466,
      "room_lid": 9,
      "slot_start_lid": 104,
      "slot_end_lid": 115
    },
    {
      "id": 1433,
      "program_lid": 2,
      "program_name": "BACHELOR OF BUSINESS ADMINISTRATION-7402",
      "acad_session_lid": 18,
      "acad_session": "Semester III",
      "course_lid": 72,
      "module_name": "Banking and Insurance",
      "division": "J",
      "batch": 1,
      "event_type": "TH",
      "batch_lid": 431,
      "room_lid": 10,
      "slot_start_lid": 104,
      "slot_end_lid": 115
    },
    {
      "id": 1437,
      "program_lid": 2,
      "program_name": "BACHELOR OF BUSINESS ADMINISTRATION-7402",
      "acad_session_lid": 18,
      "acad_session": "Semester III",
      "course_lid": 76,
      "module_name": "Operations Research",
      "division": "K",
      "batch": 1,
      "event_type": "TH",
      "batch_lid": 480,
      "room_lid": 11,
      "slot_start_lid": 104,
      "slot_end_lid": 115
    },
    {
      "id": 1441,
      "program_lid": 2,
      "program_name": "BACHELOR OF BUSINESS ADMINISTRATION-7402",
      "acad_session_lid": 18,
      "acad_session": "Semester III",
      "course_lid": 74,
      "module_name": "Financial Statement Analysis",
      "division": "L",
      "batch": 1,
      "event_type": "TH",
      "batch_lid": 457,
      "room_lid": 12,
      "slot_start_lid": 104,
      "slot_end_lid": 115
    },
    {
      "id": 1398,
      "program_lid": 2,
      "program_name": "BACHELOR OF BUSINESS ADMINISTRATION-7402",
      "acad_session_lid": 18,
      "acad_session": "Semester III",
      "course_lid": 73,
      "module_name": "Direct and Indirect Tax",
      "division": "A",
      "batch": 1,
      "event_type": "TH",
      "batch_lid": 434,
      "room_lid": 1,
      "slot_start_lid": 122,
      "slot_end_lid": 133
    },
    {
      "id": 1402,
      "program_lid": 2,
      "program_name": "BACHELOR OF BUSINESS ADMINISTRATION-7402",
      "acad_session_lid": 18,
      "acad_session": "Semester III",
      "course_lid": 71,
      "module_name": "Indian Economy in Global Scenario",
      "division": "B",
      "batch": 1,
      "event_type": "TH",
      "batch_lid": 412,
      "room_lid": 2,
      "slot_start_lid": 122,
      "slot_end_lid": 133
    },
    {
      "id": 1406,
      "program_lid": 2,
      "program_name": "BACHELOR OF BUSINESS ADMINISTRATION-7402",
      "acad_session_lid": 18,
      "acad_session": "Semester III",
      "course_lid": 71,
      "module_name": "Indian Economy in Global Scenario",
      "division": "C",
      "batch": 1,
      "event_type": "TH",
      "batch_lid": 413,
      "room_lid": 3,
      "slot_start_lid": 122,
      "slot_end_lid": 133
    },
    {
      "id": 1410,
      "program_lid": 2,
      "program_name": "BACHELOR OF BUSINESS ADMINISTRATION-7402",
      "acad_session_lid": 18,
      "acad_session": "Semester III",
      "course_lid": 72,
      "module_name": "Banking and Insurance",
      "division": "D",
      "batch": 1,
      "event_type": "TH",
      "batch_lid": 425,
      "room_lid": 4,
      "slot_start_lid": 122,
      "slot_end_lid": 133
    },
    {
      "id": 1414,
      "program_lid": 2,
      "program_name": "BACHELOR OF BUSINESS ADMINISTRATION-7402",
      "acad_session_lid": 18,
      "acad_session": "Semester III",
      "course_lid": 76,
      "module_name": "Operations Research",
      "division": "E",
      "batch": 1,
      "event_type": "TH",
      "batch_lid": 474,
      "room_lid": 5,
      "slot_start_lid": 122,
      "slot_end_lid": 133
    },
    {
      "id": 1418,
      "program_lid": 2,
      "program_name": "BACHELOR OF BUSINESS ADMINISTRATION-7402",
      "acad_session_lid": 18,
      "acad_session": "Semester III",
      "course_lid": 75,
      "module_name": "Retail Management",
      "division": "F",
      "batch": 1,
      "event_type": "TH",
      "batch_lid": 463,
      "room_lid": 6,
      "slot_start_lid": 122,
      "slot_end_lid": 133
    },
    {
      "id": 1422,
      "program_lid": 2,
      "program_name": "BACHELOR OF BUSINESS ADMINISTRATION-7402",
      "acad_session_lid": 18,
      "acad_session": "Semester III",
      "course_lid": 75,
      "module_name": "Retail Management",
      "division": "G",
      "batch": 1,
      "event_type": "TH",
      "batch_lid": 464,
      "room_lid": 7,
      "slot_start_lid": 122,
      "slot_end_lid": 133
    },
    {
      "id": 1426,
      "program_lid": 2,
      "program_name": "BACHELOR OF BUSINESS ADMINISTRATION-7402",
      "acad_session_lid": 18,
      "acad_session": "Semester III",
      "course_lid": 71,
      "module_name": "Indian Economy in Global Scenario",
      "division": "H",
      "batch": 1,
      "event_type": "TH",
      "batch_lid": 417,
      "room_lid": 8,
      "slot_start_lid": 122,
      "slot_end_lid": 133
    },
    {
      "id": 1430,
      "program_lid": 2,
      "program_name": "BACHELOR OF BUSINESS ADMINISTRATION-7402",
      "acad_session_lid": 18,
      "acad_session": "Semester III",
      "course_lid": 71,
      "module_name": "Indian Economy in Global Scenario",
      "division": "I",
      "batch": 1,
      "event_type": "TH",
      "batch_lid": 418,
      "room_lid": 9,
      "slot_start_lid": 122,
      "slot_end_lid": 133
    },
    {
      "id": 1434,
      "program_lid": 2,
      "program_name": "BACHELOR OF BUSINESS ADMINISTRATION-7402",
      "acad_session_lid": 18,
      "acad_session": "Semester III",
      "course_lid": 73,
      "module_name": "Direct and Indirect Tax",
      "division": "J",
      "batch": 1,
      "event_type": "TH",
      "batch_lid": 443,
      "room_lid": 10,
      "slot_start_lid": 122,
      "slot_end_lid": 133
    },
    {
      "id": 1438,
      "program_lid": 2,
      "program_name": "BACHELOR OF BUSINESS ADMINISTRATION-7402",
      "acad_session_lid": 18,
      "acad_session": "Semester III",
      "course_lid": 75,
      "module_name": "Retail Management",
      "division": "K",
      "batch": 1,
      "event_type": "TH",
      "batch_lid": 468,
      "room_lid": 11,
      "slot_start_lid": 122,
      "slot_end_lid": 133
    },
    {
      "id": 1442,
      "program_lid": 2,
      "program_name": "BACHELOR OF BUSINESS ADMINISTRATION-7402",
      "acad_session_lid": 18,
      "acad_session": "Semester III",
      "course_lid": 76,
      "module_name": "Operations Research",
      "division": "L",
      "batch": 1,
      "event_type": "TH",
      "batch_lid": 481,
      "room_lid": 12,
      "slot_start_lid": 122,
      "slot_end_lid": 133
    },
    {
      "id": 1399,
      "program_lid": 2,
      "program_name": "BACHELOR OF BUSINESS ADMINISTRATION-7402",
      "acad_session_lid": 18,
      "acad_session": "Semester III",
      "course_lid": 76,
      "module_name": "Operations Research",
      "division": "A",
      "batch": 1,
      "event_type": "TH",
      "batch_lid": 470,
      "room_lid": 1,
      "slot_start_lid": 135,
      "slot_end_lid": 146
    },
    {
      "id": 1403,
      "program_lid": 2,
      "program_name": "BACHELOR OF BUSINESS ADMINISTRATION-7402",
      "acad_session_lid": 18,
      "acad_session": "Semester III",
      "course_lid": 74,
      "module_name": "Financial Statement Analysis",
      "division": "B",
      "batch": 1,
      "event_type": "TH",
      "batch_lid": 447,
      "room_lid": 2,
      "slot_start_lid": 135,
      "slot_end_lid": 146
    },
    {
      "id": 1407,
      "program_lid": 2,
      "program_name": "BACHELOR OF BUSINESS ADMINISTRATION-7402",
      "acad_session_lid": 18,
      "acad_session": "Semester III",
      "course_lid": 73,
      "module_name": "Direct and Indirect Tax",
      "division": "C",
      "batch": 1,
      "event_type": "TH",
      "batch_lid": 436,
      "room_lid": 3,
      "slot_start_lid": 135,
      "slot_end_lid": 146
    },
    {
      "id": 1411,
      "program_lid": 2,
      "program_name": "BACHELOR OF BUSINESS ADMINISTRATION-7402",
      "acad_session_lid": 18,
      "acad_session": "Semester III",
      "course_lid": 73,
      "module_name": "Direct and Indirect Tax",
      "division": "D",
      "batch": 1,
      "event_type": "TH",
      "batch_lid": 437,
      "room_lid": 4,
      "slot_start_lid": 135,
      "slot_end_lid": 146
    },
    {
      "id": 1415,
      "program_lid": 2,
      "program_name": "BACHELOR OF BUSINESS ADMINISTRATION-7402",
      "acad_session_lid": 18,
      "acad_session": "Semester III",
      "course_lid": 72,
      "module_name": "Banking and Insurance",
      "division": "E",
      "batch": 1,
      "event_type": "TH",
      "batch_lid": 426,
      "room_lid": 5,
      "slot_start_lid": 135,
      "slot_end_lid": 146
    },
    {
      "id": 1419,
      "program_lid": 2,
      "program_name": "BACHELOR OF BUSINESS ADMINISTRATION-7402",
      "acad_session_lid": 18,
      "acad_session": "Semester III",
      "course_lid": 76,
      "module_name": "Operations Research",
      "division": "F",
      "batch": 1,
      "event_type": "TH",
      "batch_lid": 475,
      "room_lid": 6,
      "slot_start_lid": 135,
      "slot_end_lid": 146
    },
    {
      "id": 1423,
      "program_lid": 2,
      "program_name": "BACHELOR OF BUSINESS ADMINISTRATION-7402",
      "acad_session_lid": 18,
      "acad_session": "Semester III",
      "course_lid": 74,
      "module_name": "Financial Statement Analysis",
      "division": "G",
      "batch": 1,
      "event_type": "TH",
      "batch_lid": 452,
      "room_lid": 7,
      "slot_start_lid": 135,
      "slot_end_lid": 146
    },
    {
      "id": 1427,
      "program_lid": 2,
      "program_name": "BACHELOR OF BUSINESS ADMINISTRATION-7402",
      "acad_session_lid": 18,
      "acad_session": "Semester III",
      "course_lid": 72,
      "module_name": "Banking and Insurance",
      "division": "H",
      "batch": 1,
      "event_type": "TH",
      "batch_lid": 429,
      "room_lid": 8,
      "slot_start_lid": 135,
      "slot_end_lid": 146
    },
    {
      "id": 1431,
      "program_lid": 2,
      "program_name": "BACHELOR OF BUSINESS ADMINISTRATION-7402",
      "acad_session_lid": 18,
      "acad_session": "Semester III",
      "course_lid": 74,
      "module_name": "Financial Statement Analysis",
      "division": "I",
      "batch": 1,
      "event_type": "TH",
      "batch_lid": 454,
      "room_lid": 9,
      "slot_start_lid": 135,
      "slot_end_lid": 146
    },
    {
      "id": 1435,
      "program_lid": 2,
      "program_name": "BACHELOR OF BUSINESS ADMINISTRATION-7402",
      "acad_session_lid": 18,
      "acad_session": "Semester III",
      "course_lid": 75,
      "module_name": "Retail Management",
      "division": "J",
      "batch": 1,
      "event_type": "TH",
      "batch_lid": 467,
      "room_lid": 10,
      "slot_start_lid": 135,
      "slot_end_lid": 146
    },
    {
      "id": 1439,
      "program_lid": 2,
      "program_name": "BACHELOR OF BUSINESS ADMINISTRATION-7402",
      "acad_session_lid": 18,
      "acad_session": "Semester III",
      "course_lid": 73,
      "module_name": "Direct and Indirect Tax",
      "division": "K",
      "batch": 1,
      "event_type": "TH",
      "batch_lid": 444,
      "room_lid": 11,
      "slot_start_lid": 135,
      "slot_end_lid": 146
    },
    {
      "id": 1443,
      "program_lid": 2,
      "program_name": "BACHELOR OF BUSINESS ADMINISTRATION-7402",
      "acad_session_lid": 18,
      "acad_session": "Semester III",
      "course_lid": 71,
      "module_name": "Indian Economy in Global Scenario",
      "division": "L",
      "batch": 1,
      "event_type": "TH",
      "batch_lid": 421,
      "room_lid": 12,
      "slot_start_lid": 135,
      "slot_end_lid": 146
    }
]
 